{
"lengthUnit": "mil",
"components": {
	"fields": ["COMPONENT_NO", "COMPONENT_NAME", "LAYER", "X_COORDINATE", "Y_COORDINATE", "ANGLE"],
	"rows": [
		[1, "1", "T", -5, 2045, 0],
		[2, "2", "T", 100, 1985, 0],
		[3, "3", "T", 205, 2015, 0],
		[4, "4", "T", 360, 1985, 0],
		[5, "5", "T", 465, 1845, 0],
		[6, "6", "T", 445, 1685, 0],
		[7, "7", "T", 555, 1680, 0],
		[8, "8", "T", 444.37, 1529.81, 0],
		[9, "9", "T", 550, 1470, 0],
		[10, "10", "T", 405, 1385, 0],
		[11, "11", "T", 439.37, 1234.53, 0],
		[12, "12", "T", 340, 1240, 0],
		[13, "13", "T", 290, 1120, 0],
		[14, "14", "T", 180, 1100, 0],
		[15, "15", "T", 65, 1095, 0],
		[16, "16", "T", -55, 1140, 0],
		[17, "17", "T", -130, 1025, 0],
		[18, "18", "T", -225, 1130, 0],
		[19, "19", "T", -373.78, 1156.93, 0],
		[20, "20", "T", -373.78, 1308.51, 0],
		[21, "21", "T", -500, 1345, 0],
		[22, "22", "T", -435, 1455, 0],
		[23, "23", "T", -485, 1605, 0],
		[24, "24", "T", -408.78, 1699.81, 0],
		[25, "25", "T", -440, 1855, 0],
		[26, "26", "T", -333.78, 1912.95, 0],
		[27, "27", "T", -223.78, 2034.53, 0],
		[28, "28", "T", -115, 1980, 0],
		[29, "H1", "T", 0, 2250, 0],
		[30, "H2", "T", 127.8, 2250.36, 0],
		[31, "H3", "T", 265, 2215, 0],
		[32, "H4", "T", 407.79, 2143.51, 0],
		[33, "H5", "T", 525, 2010, 0],
		[34, "H6", "T", 622.79, 1886.66, 0],
		[35, "H7", "T", 667.79, 1738.23, 0],
		[36, "H8", "T", 702.79, 1589.81, 0],
		[37, "H9", "T", 667.79, 1431.38, 0],
		[38, "H10", "T", 632.79, 1277.95, 0],
		[39, "H11", "T", 547.79, 1154.53, 0],
		[40, "H12", "T", 462.79, 1056.11, 0],
		[41, "H13", "T", 355, 970, 0],
		[42, "H14", "T", 190, 890, 0],
		[43, "H15", "T", 40, 845, 0],
		[44, "H16", "T", -105, 865, 0],
		[45, "H17", "T", -240, 910, 0],
		[46, "H18", "T", -380.36, 985.36, 0],
		[47, "H19", "T", -485, 1085, 0],
		[48, "H20", "T", -605, 1200, 0],
		[49, "H21", "T", -655, 1355, 0],
		[50, "H22", "T", -700, 1510, 0],
		[51, "H23", "T", -675, 1680, 0],
		[52, "H24", "T", -640, 1830, 0],
		[53, "H25", "T", -545, 1975, 0],
		[54, "H26", "T", -415, 2085, 0],
		[55, "H27", "T", -295, 2180, 0],
		[56, "H28", "T", -150, 2235, 0],
		[57, "PAD1", "T", 0, 1920, 0],
		[58, "PAD2", "T", 65, 1860, 0],
		[59, "PAD3", "T", 205, 1880, 0],
		[60, "PAD4", "T", 180, 1800, 0],
		[61, "PAD5", "T", 285, 1790, 0],
		[62, "PAD6", "T", 260, 1700, 0],
		[63, "PAD7", "T", 330, 1655, 0],
		[64, "PAD8", "T", 290, 1575, 0],
		[65, "PAD9", "T", 335, 1505, 0],
		[66, "PAD10", "T", 265, 1450, 0],
		[67, "PAD11", "T", 265, 1360, 0],
		[68, "PAD12", "T", 180, 1350, 0],
		[69, "PAD13", "T", 155, 1255, 0],
		[70, "PAD14", "T", 60, 1290, 0],
		[71, "PAD15", "T", 5, 1220, 0],
		[72, "PAD16", "T", -70, 1295, 0],
		[73, "PAD17", "T", -155, 1250, 0],
		[74, "PAD18", "T", -185, 1350, 0],
		[75, "PAD19", "T", -275, 1345, 0],
		[76, "PAD20", "T", -255, 1430, 0],
		[77, "PAD21", "T", -350, 1470, 0],
		[78, "PAD22", "T", -290, 1520, 0],
		[79, "PAD23", "T", -375, 1570, 0],
		[80, "PAD24", "T", -280, 1635, 0],
		[81, "PAD25", "T", -330, 1765, 0],
		[82, "PAD26", "T", -225, 1760, 0],
		[83, "PAD27", "T", -190, 1895, 0],
		[84, "PAD28", "T", -100, 1845, 0]
	]
},
"pins": {
	"fields": ["PIN_NO", "PIN_NAME", "PIN_X", "PIN_Y", "LAYER", "PIN_TYPE", "NET_NAME", "NET_TYPE", "PAD_SHAPE", "PAD_SIZEX", "PAD_SIZEY", "HOLE_SIZE", "PAD_ANGLE"],
	"rows": [
		[1, "1_1", -5, 2045, "T", "DIP", "$1N1569", "", "R", 55.12, 55.12, 35.43, 0],
		[2, "1_1", -5, 2045, "B", "DIP", "$1N1569", "", "R", 55.12, 55.12, 35.43, 0],
		[3, "2_1", 100, 1985, "T", "DIP", "$1N1387", "", "R", 55.12, 55.12, 35.43, 0],
		[4, "2_1", 100, 1985, "B", "DIP", "$1N1387", "", "R", 55.12, 55.12, 35.43, 0],
		[5, "3_1", 205, 2015, "T", "DIP", "$1N1393", "", "R", 55.12, 55.12, 35.43, 0],
		[6, "3_1", 205, 2015, "B", "DIP", "$1N1393", "", "R", 55.12, 55.12, 35.43, 0],
		[7, "4_1", 360, 1985, "T", "DIP", "$1N1399", "", "R", 55.12, 55.12, 35.43, 0],
		[8, "4_1", 360, 1985, "B", "DIP", "$1N1399", "", "R", 55.12, 55.12, 35.43, 0],
		[9, "5_1", 465, 1845, "T", "DIP", "$1N1404", "", "R", 55.12, 55.12, 35.43, 0],
		[10, "5_1", 465, 1845, "B", "DIP", "$1N1404", "", "R", 55.12, 55.12, 35.43, 0],
		[11, "6_1", 445, 1685, "T", "DIP", "$1N1410", "", "R", 55.12, 55.12, 35.43, 0],
		[12, "6_1", 445, 1685, "B", "DIP", "$1N1410", "", "R", 55.12, 55.12, 35.43, 0],
		[13, "7_1", 555, 1680, "T", "DIP", "$1N1421", "", "R", 55.12, 55.12, 35.43, 0],
		[14, "7_1", 555, 1680, "B", "DIP", "$1N1421", "", "R", 55.12, 55.12, 35.43, 0],
		[15, "8_1", 444.37, 1529.81, "T", "DIP", "$1N1426", "", "R", 55.12, 55.12, 35.43, 0],
		[16, "8_1", 444.37, 1529.81, "B", "DIP", "$1N1426", "", "R", 55.12, 55.12, 35.43, 0],
		[17, "9_1", 550, 1470, "T", "DIP", "$1N1432", "", "R", 55.12, 55.12, 35.43, 0],
		[18, "9_1", 550, 1470, "B", "DIP", "$1N1432", "", "R", 55.12, 55.12, 35.43, 0],
		[19, "10_1", 405, 1385, "T", "DIP", "$1N1438", "", "R", 55.12, 55.12, 35.43, 0],
		[20, "10_1", 405, 1385, "B", "DIP", "$1N1438", "", "R", 55.12, 55.12, 35.43, 0],
		[21, "11_1", 439.37, 1234.53, "T", "DIP", "$1N1444", "", "R", 55.12, 55.12, 35.43, 0],
		[22, "11_1", 439.37, 1234.53, "B", "DIP", "$1N1444", "", "R", 55.12, 55.12, 35.43, 0],
		[23, "12_1", 340, 1240, "T", "DIP", "$1N1449", "", "R", 55.12, 55.12, 35.43, 0],
		[24, "12_1", 340, 1240, "B", "DIP", "$1N1449", "", "R", 55.12, 55.12, 35.43, 0],
		[25, "13_1", 290, 1120, "T", "DIP", "$1N1455", "", "R", 55.12, 55.12, 35.43, 0],
		[26, "13_1", 290, 1120, "B", "DIP", "$1N1455", "", "R", 55.12, 55.12, 35.43, 0],
		[27, "14_1", 180, 1100, "T", "DIP", "$1N2242", "", "R", 55.12, 55.12, 35.43, 0],
		[28, "14_1", 180, 1100, "B", "DIP", "$1N2242", "", "R", 55.12, 55.12, 35.43, 0],
		[29, "15_1", 65, 1095, "T", "DIP", "$1N2247", "", "R", 55.12, 55.12, 35.43, 0],
		[30, "15_1", 65, 1095, "B", "DIP", "$1N2247", "", "R", 55.12, 55.12, 35.43, 0],
		[31, "16_1", -55, 1140, "T", "DIP", "$1N2253", "", "R", 55.12, 55.12, 35.43, 0],
		[32, "16_1", -55, 1140, "B", "DIP", "$1N2253", "", "R", 55.12, 55.12, 35.43, 0],
		[33, "17_1", -130, 1025, "T", "DIP", "$1N1460", "", "R", 55.12, 55.12, 35.43, 0],
		[34, "17_1", -130, 1025, "B", "DIP", "$1N1460", "", "R", 55.12, 55.12, 35.43, 0],
		[35, "18_1", -225, 1130, "T", "DIP", "$1N1464", "", "R", 55.12, 55.12, 35.43, 0],
		[36, "18_1", -225, 1130, "B", "DIP", "$1N1464", "", "R", 55.12, 55.12, 35.43, 0],
		[37, "19_1", -373.78, 1156.93, "T", "DIP", "$1N1470", "", "R", 55.12, 55.12, 35.43, 0],
		[38, "19_1", -373.78, 1156.93, "B", "DIP", "$1N1470", "", "R", 55.12, 55.12, 35.43, 0],
		[39, "20_1", -373.78, 1308.51, "T", "DIP", "$1N1476", "", "R", 55.12, 55.12, 35.43, 0],
		[40, "20_1", -373.78, 1308.51, "B", "DIP", "$1N1476", "", "R", 55.12, 55.12, 35.43, 0],
		[41, "21_1", -500, 1345, "T", "DIP", "$1N1481", "", "R", 55.12, 55.12, 35.43, 0],
		[42, "21_1", -500, 1345, "B", "DIP", "$1N1481", "", "R", 55.12, 55.12, 35.43, 0],
		[43, "22_1", -435, 1455, "T", "DIP", "$1N1501", "", "R", 55.12, 55.12, 35.43, 0],
		[44, "22_1", -435, 1455, "B", "DIP", "$1N1501", "", "R", 55.12, 55.12, 35.43, 0],
		[45, "23_1", -485, 1605, "T", "DIP", "$1N1505", "", "R", 55.12, 55.12, 35.43, 0],
		[46, "23_1", -485, 1605, "B", "DIP", "$1N1505", "", "R", 55.12, 55.12, 35.43, 0],
		[47, "24_1", -408.78, 1699.81, "T", "DIP", "$1N1511", "", "R", 55.12, 55.12, 35.43, 0],
		[48, "24_1", -408.78, 1699.81, "B", "DIP", "$1N1511", "", "R", 55.12, 55.12, 35.43, 0],
		[49, "25_1", -440, 1855, "T", "DIP", "$1N1517", "", "R", 55.12, 55.12, 35.43, 0],
		[50, "25_1", -440, 1855, "B", "DIP", "$1N1517", "", "R", 55.12, 55.12, 35.43, 0],
		[51, "26_1", -333.78, 1912.95, "T", "DIP", "$1N1523", "", "R", 55.12, 55.12, 35.43, 0],
		[52, "26_1", -333.78, 1912.95, "B", "DIP", "$1N1523", "", "R", 55.12, 55.12, 35.43, 0],
		[53, "27_1", -223.78, 2034.53, "T", "DIP", "$1N1537", "", "R", 55.12, 55.12, 35.43, 0],
		[54, "27_1", -223.78, 2034.53, "B", "DIP", "$1N1537", "", "R", 55.12, 55.12, 35.43, 0],
		[55, "28_1", -115, 1980, "T", "DIP", "$1N1541", "", "R", 55.12, 55.12, 35.43, 0],
		[56, "28_1", -115, 1980, "B", "DIP", "$1N1541", "", "R", 55.12, 55.12, 35.43, 0],
		[57, "H1_1", 0, 2250, "T", "DIP", "$1N1569", "", "R", 55.12, 55.12, 35.43, 0],
		[58, "H1_1", 0, 2250, "B", "DIP", "$1N1569", "", "R", 55.12, 55.12, 35.43, 0],
		[59, "H2_1", 127.8, 2250.36, "T", "DIP", "$1N1387", "", "R", 55.12, 55.12, 35.43, 0],
		[60, "H2_1", 127.8, 2250.36, "B", "DIP", "$1N1387", "", "R", 55.12, 55.12, 35.43, 0],
		[61, "H3_1", 265, 2215, "T", "DIP", "$1N1393", "", "R", 55.12, 55.12, 35.43, 0],
		[62, "H3_1", 265, 2215, "B", "DIP", "$1N1393", "", "R", 55.12, 55.12, 35.43, 0],
		[63, "H4_1", 407.79, 2143.51, "T", "DIP", "$1N1399", "", "R", 55.12, 55.12, 35.43, 0],
		[64, "H4_1", 407.79, 2143.51, "B", "DIP", "$1N1399", "", "R", 55.12, 55.12, 35.43, 0],
		[65, "H5_1", 525, 2010, "T", "DIP", "$1N1404", "", "R", 55.12, 55.12, 35.43, 0],
		[66, "H5_1", 525, 2010, "B", "DIP", "$1N1404", "", "R", 55.12, 55.12, 35.43, 0],
		[67, "H6_1", 622.79, 1886.66, "T", "DIP", "$1N1410", "", "R", 55.12, 55.12, 35.43, 0],
		[68, "H6_1", 622.79, 1886.66, "B", "DIP", "$1N1410", "", "R", 55.12, 55.12, 35.43, 0],
		[69, "H7_1", 667.79, 1738.23, "T", "DIP", "$1N1421", "", "R", 55.12, 55.12, 35.43, 0],
		[70, "H7_1", 667.79, 1738.23, "B", "DIP", "$1N1421", "", "R", 55.12, 55.12, 35.43, 0],
		[71, "H8_1", 702.79, 1589.81, "T", "DIP", "$1N1426", "", "R", 55.12, 55.12, 35.43, 0],
		[72, "H8_1", 702.79, 1589.81, "B", "DIP", "$1N1426", "", "R", 55.12, 55.12, 35.43, 0],
		[73, "H9_1", 667.79, 1431.38, "T", "DIP", "$1N1432", "", "R", 55.12, 55.12, 35.43, 0],
		[74, "H9_1", 667.79, 1431.38, "B", "DIP", "$1N1432", "", "R", 55.12, 55.12, 35.43, 0],
		[75, "H10_1", 632.79, 1277.95, "T", "DIP", "$1N1438", "", "R", 55.12, 55.12, 35.43, 0],
		[76, "H10_1", 632.79, 1277.95, "B", "DIP", "$1N1438", "", "R", 55.12, 55.12, 35.43, 0],
		[77, "H11_1", 547.79, 1154.53, "T", "DIP", "$1N1444", "", "R", 55.12, 55.12, 35.43, 0],
		[78, "H11_1", 547.79, 1154.53, "B", "DIP", "$1N1444", "", "R", 55.12, 55.12, 35.43, 0],
		[79, "H12_1", 462.79, 1056.11, "T", "DIP", "$1N1449", "", "R", 55.12, 55.12, 35.43, 0],
		[80, "H12_1", 462.79, 1056.11, "B", "DIP", "$1N1449", "", "R", 55.12, 55.12, 35.43, 0],
		[81, "H13_1", 355, 970, "T", "DIP", "$1N1455", "", "R", 55.12, 55.12, 35.43, 0],
		[82, "H13_1", 355, 970, "B", "DIP", "$1N1455", "", "R", 55.12, 55.12, 35.43, 0],
		[83, "H14_1", 190, 890, "T", "DIP", "$1N2242", "", "R", 55.12, 55.12, 35.43, 0],
		[84, "H14_1", 190, 890, "B", "DIP", "$1N2242", "", "R", 55.12, 55.12, 35.43, 0],
		[85, "H15_1", 40, 845, "T", "DIP", "$1N2247", "", "R", 55.12, 55.12, 35.43, 0],
		[86, "H15_1", 40, 845, "B", "DIP", "$1N2247", "", "R", 55.12, 55.12, 35.43, 0],
		[87, "H16_1", -105, 865, "T", "DIP", "$1N2253", "", "R", 55.12, 55.12, 35.43, 0],
		[88, "H16_1", -105, 865, "B", "DIP", "$1N2253", "", "R", 55.12, 55.12, 35.43, 0],
		[89, "H17_1", -240, 910, "T", "DIP", "$1N1460", "", "R", 55.12, 55.12, 35.43, 0],
		[90, "H17_1", -240, 910, "B", "DIP", "$1N1460", "", "R", 55.12, 55.12, 35.43, 0],
		[91, "H18_1", -380.36, 985.36, "T", "DIP", "$1N1464", "", "R", 55.12, 55.12, 35.43, 0],
		[92, "H18_1", -380.36, 985.36, "B", "DIP", "$1N1464", "", "R", 55.12, 55.12, 35.43, 0],
		[93, "H19_1", -485, 1085, "T", "DIP", "$1N1470", "", "R", 55.12, 55.12, 35.43, 0],
		[94, "H19_1", -485, 1085, "B", "DIP", "$1N1470", "", "R", 55.12, 55.12, 35.43, 0],
		[95, "H20_1", -605, 1200, "T", "DIP", "$1N1476", "", "R", 55.12, 55.12, 35.43, 0],
		[96, "H20_1", -605, 1200, "B", "DIP", "$1N1476", "", "R", 55.12, 55.12, 35.43, 0],
		[97, "H21_1", -655, 1355, "T", "DIP", "$1N1481", "", "R", 55.12, 55.12, 35.43, 0],
		[98, "H21_1", -655, 1355, "B", "DIP", "$1N1481", "", "R", 55.12, 55.12, 35.43, 0],
		[99, "H22_1", -700, 1510, "T", "DIP", "$1N1501", "", "R", 55.12, 55.12, 35.43, 0],
		[100, "H22_1", -700, 1510, "B", "DIP", "$1N1501", "", "R", 55.12, 55.12, 35.43, 0],
		[101, "H23_1", -675, 1680, "T", "DIP", "$1N1505", "", "R", 55.12, 55.12, 35.43, 0],
		[102, "H23_1", -675, 1680, "B", "DIP", "$1N1505", "", "R", 55.12, 55.12, 35.43, 0],
		[103, "H24_1", -640, 1830, "T", "DIP", "$1N1511", "", "R", 55.12, 55.12, 35.43, 0],
		[104, "H24_1", -640, 1830, "B", "DIP", "$1N1511", "", "R", 55.12, 55.12, 35.43, 0],
		[105, "H25_1", -545, 1975, "T", "DIP", "$1N1517", "", "R", 55.12, 55.12, 35.43, 0],
		[106, "H25_1", -545, 1975, "B", "DIP", "$1N1517", "", "R", 55.12, 55.12, 35.43, 0],
		[107, "H26_1", -415, 2085, "T", "DIP", "$1N1523", "", "R", 55.12, 55.12, 35.43, 0],
		[108, "H26_1", -415, 2085, "B", "DIP", "$1N1523", "", "R", 55.12, 55.12, 35.43, 0],
		[109, "H27_1", -295, 2180, "T", "DIP", "$1N1537", "", "R", 55.12, 55.12, 35.43, 0],
		[110, "H27_1", -295, 2180, "B", "DIP", "$1N1537", "", "R", 55.12, 55.12, 35.43, 0],
		[111, "H28_1", -150, 2235, "T", "DIP", "$1N1541", "", "R", 55.12, 55.12, 35.43, 0],
		[112, "H28_1", -150, 2235, "B", "DIP", "$1N1541", "", "R", 55.12, 55.12, 35.43, 0],
		[113, "PAD1_1", 0, 1920, "T", "SMD", "$1N1569", "", "C", 60, 60, 0, 0],
		[114, "PAD2_2", 65, 1860, "T", "SMD", "$1N1387", "", "C", 60, 60, 0, 0],
		[115, "PAD3_3", 205, 1880, "T", "SMD", "$1N1393", "", "C", 60, 60, 0, 0],
		[116, "PAD4_4", 180, 1800, "T", "SMD", "$1N1399", "", "C", 60, 60, 0, 0],
		[117, "PAD5_5", 285, 1790, "T", "SMD", "$1N1404", "", "C", 60, 60, 0, 0],
		[118, "PAD6_6", 260, 1700, "T", "SMD", "$1N1410", "", "C", 60, 60, 0, 0],
		[119, "PAD7_7", 330, 1655, "T", "SMD", "$1N1421", "", "C", 60, 60, 0, 0],
		[120, "PAD8_8", 290, 1575, "T", "SMD", "$1N1426", "", "C", 60, 60, 0, 0],
		[121, "PAD9_9", 335, 1505, "T", "SMD", "$1N1432", "", "C", 60, 60, 0, 0],
		[122, "PAD10_10", 265, 1450, "T", "SMD", "$1N1438", "", "C", 60, 60, 0, 0],
		[123, "PAD11_11", 265, 1360, "T", "SMD", "$1N1444", "", "C", 60, 60, 0, 0],
		[124, "PAD12_12", 180, 1350, "T", "SMD", "$1N1449", "", "C", 60, 60, 0, 0],
		[125, "PAD13_13", 155, 1255, "T", "SMD", "$1N1455", "", "C", 60, 60, 0, 0],
		[126, "PAD14_14", 60, 1290, "T", "SMD", "$1N2242", "", "C", 60, 60, 0, 0],
		[127, "PAD15_15", 5, 1220, "T", "SMD", "$1N2247", "", "C", 60, 60, 0, 0],
		[128, "PAD16_16", -70, 1295, "T", "SMD", "$1N2253", "", "C", 60, 60, 0, 0],
		[129, "PAD17_17", -155, 1250, "T", "SMD", "$1N1460", "", "C", 60, 60, 0, 0],
		[130, "PAD18_18", -185, 1350, "T", "SMD", "$1N1464", "", "C", 60, 60, 0, 0],
		[131, "PAD19_19", -275, 1345, "T", "SMD", "$1N1470", "", "C", 60, 60, 0, 0],
		[132, "PAD20_20", -255, 1430, "T", "SMD", "$1N1476", "", "C", 60, 60, 0, 0],
		[133, "PAD21_21", -350, 1470, "T", "SMD", "$1N1481", "", "C", 60, 60, 0, 0],
		[134, "PAD22_22", -290, 1520, "T", "SMD", "$1N1501", "", "C", 60, 60, 0, 0],
		[135, "PAD23_23", -375, 1570, "T", "SMD", "$1N1505", "", "C", 60, 60, 0, 0],
		[136, "PAD24_24", -280, 1635, "T", "SMD", "$1N1511", "", "C", 60, 60, 0, 0],
		[137, "PAD25_25", -330, 1765, "T", "SMD", "$1N1517", "", "C", 60, 60, 0, 0],
		[138, "PAD26_26", -225, 1760, "T", "SMD", "$1N1523", "", "C", 60, 60, 0, 0],
		[139, "PAD27_27", -190, 1895, "T", "SMD", "$1N1537", "", "C", 60, 60, 0, 0],
		[140, "PAD28_28", -100, 1845, "T", "SMD", "$1N1541", "", "C", 60, 60, 0, 0]
	]
}
}